{"assets/images/ChatGPT_Image_30_de_mai._de_2025,_20_56_32.png":["assets/images/ChatGPT_Image_30_de_mai._de_2025,_20_56_32.png"],"assets/images/ChatGPT_Image_30_de_mai._de_2025,_21_09_47.png":["assets/images/ChatGPT_Image_30_de_mai._de_2025,_21_09_47.png"],"assets/images/ChatGPT_Image_30_de_mai._de_2025,_21_19_38.png":["assets/images/ChatGPT_Image_30_de_mai._de_2025,_21_19_38.png"],"assets/images/Frame_1000004288.png":["assets/images/Frame_1000004288.png"],"assets/images/Img.png":["assets/images/Img.png"],"assets/images/Img_(1).png":["assets/images/Img_(1).png"],"assets/images/Img_(2).png":["assets/images/Img_(2).png"],"assets/images/Map.png":["assets/images/Map.png"],"assets/images/Onion.png":["assets/images/Onion.png"],"assets/images/README.md":["assets/images/README.md"],"assets/images/Screenshot_2023-08-26_at_03.24.25.png":["assets/images/Screenshot_2023-08-26_at_03.24.25.png"],"assets/images/Screenshot_2023-08-27_at_01.36.14.png":["assets/images/Screenshot_2023-08-27_at_01.36.14.png"],"assets/images/app_icon.png":["assets/images/app_icon.png"],"assets/images/app_launcher_icon.jpg":["assets/images/app_launcher_icon.jpg"],"assets/images/be85477be427964e9a1518269bbe2a5d.jpeg":["assets/images/be85477be427964e9a1518269bbe2a5d.jpeg"],"assets/images/capa.jpg":["assets/images/capa.jpg"],"assets/images/car_1.png":["assets/images/car_1.png"],"assets/images/emoji.png":["assets/images/emoji.png"],"assets/images/error_image.jpeg":["assets/images/error_image.jpeg"],"assets/images/favicon.png":["assets/images/favicon.png"],"assets/images/image_(8).png":["assets/images/image_(8).png"],"assets/images/image_(9).png":["assets/images/image_(9).png"],"assets/images/logo-pede-ja.png":["assets/images/logo-pede-ja.png"],"assets/images/logo-pede-ja1.png":["assets/images/logo-pede-ja1.png"],"assets/images/onboarding_1.png":["assets/images/onboarding_1.png"],"assets/images/onboarding_2.png":["assets/images/onboarding_2.png"],"assets/images/onboarding_3.png":["assets/images/onboarding_3.png"],"assets/images/pexels-julie-aagaard-2097090_ccexpress_1.png":["assets/images/pexels-julie-aagaard-2097090_ccexpress_1.png"],"assets/images/restaurant_1.png":["assets/images/restaurant_1.png"],"assets/video/Premium_App_Logo_Animation_Creation.mp4":["assets/video/Premium_App_Logo_Animation_Creation.mp4"]}